date,season,year,month,holiday,weekday,workingday,weather,total_user
2011-01-01,Spring,2011,Jan,0,6,0,Mist/Overcast,985
2011-01-02,Spring,2011,Jan,0,0,0,Mist/Overcast,801
2011-01-03,Spring,2011,Jan,0,1,1,Clear/Cloudy,1349
2011-01-04,Spring,2011,Jan,0,2,1,Clear/Cloudy,1562
2011-01-05,Spring,2011,Jan,0,3,1,Clear/Cloudy,1600
2011-01-06,Spring,2011,Jan,0,4,1,Clear/Cloudy,1606
2011-01-07,Spring,2011,Jan,0,5,1,Mist/Overcast,1510
2011-01-08,Spring,2011,Jan,0,6,0,Mist/Overcast,959
2011-01-09,Spring,2011,Jan,0,0,0,Clear/Cloudy,822
2011-01-10,Spring,2011,Jan,0,1,1,Clear/Cloudy,1321
2011-01-11,Spring,2011,Jan,0,2,1,Mist/Overcast,1263
2011-01-12,Spring,2011,Jan,0,3,1,Clear/Cloudy,1162
2011-01-13,Spring,2011,Jan,0,4,1,Clear/Cloudy,1406
2011-01-14,Spring,2011,Jan,0,5,1,Clear/Cloudy,1421
2011-01-15,Spring,2011,Jan,0,6,0,Mist/Overcast,1248
2011-01-16,Spring,2011,Jan,0,0,0,Clear/Cloudy,1204
2011-01-17,Spring,2011,Jan,1,1,0,Mist/Overcast,1000
2011-01-18,Spring,2011,Jan,0,2,1,Mist/Overcast,683
2011-01-19,Spring,2011,Jan,0,3,1,Mist/Overcast,1650
2011-01-20,Spring,2011,Jan,0,4,1,Mist/Overcast,1927
2011-01-21,Spring,2011,Jan,0,5,1,Clear/Cloudy,1543
2011-01-22,Spring,2011,Jan,0,6,0,Clear/Cloudy,981
2011-01-23,Spring,2011,Jan,0,0,0,Clear/Cloudy,986
2011-01-24,Spring,2011,Jan,0,1,1,Clear/Cloudy,1416
2011-01-25,Spring,2011,Jan,0,2,1,Mist/Overcast,1985
2011-01-26,Spring,2011,Jan,0,3,1,Light Rain/Snow,506
2011-01-27,Spring,2011,Jan,0,4,1,Clear/Cloudy,431
2011-01-28,Spring,2011,Jan,0,5,1,Mist/Overcast,1167
2011-01-29,Spring,2011,Jan,0,6,0,Clear/Cloudy,1098
2011-01-30,Spring,2011,Jan,0,0,0,Clear/Cloudy,1096
2011-01-31,Spring,2011,Jan,0,1,1,Mist/Overcast,1501
2011-02-01,Spring,2011,Feb,0,2,1,Mist/Overcast,1360
2011-02-02,Spring,2011,Feb,0,3,1,Mist/Overcast,1526
2011-02-03,Spring,2011,Feb,0,4,1,Clear/Cloudy,1550
2011-02-04,Spring,2011,Feb,0,5,1,Mist/Overcast,1708
2011-02-05,Spring,2011,Feb,0,6,0,Mist/Overcast,1005
2011-02-06,Spring,2011,Feb,0,0,0,Clear/Cloudy,1623
2011-02-07,Spring,2011,Feb,0,1,1,Clear/Cloudy,1712
2011-02-08,Spring,2011,Feb,0,2,1,Clear/Cloudy,1530
2011-02-09,Spring,2011,Feb,0,3,1,Mist/Overcast,1605
2011-02-10,Spring,2011,Feb,0,4,1,Clear/Cloudy,1538
2011-02-11,Spring,2011,Feb,0,5,1,Clear/Cloudy,1746
2011-02-12,Spring,2011,Feb,0,6,0,Clear/Cloudy,1472
2011-02-13,Spring,2011,Feb,0,0,0,Clear/Cloudy,1589
2011-02-14,Spring,2011,Feb,0,1,1,Clear/Cloudy,1913
2011-02-15,Spring,2011,Feb,0,2,1,Clear/Cloudy,1815
2011-02-16,Spring,2011,Feb,0,3,1,Clear/Cloudy,2115
2011-02-17,Spring,2011,Feb,0,4,1,Clear/Cloudy,2475
2011-02-18,Spring,2011,Feb,0,5,1,Clear/Cloudy,2927
2011-02-19,Spring,2011,Feb,0,6,0,Clear/Cloudy,1635
2011-02-20,Spring,2011,Feb,0,0,0,Clear/Cloudy,1812
2011-02-21,Spring,2011,Feb,1,1,0,Mist/Overcast,1107
2011-02-22,Spring,2011,Feb,0,2,1,Clear/Cloudy,1450
2011-02-23,Spring,2011,Feb,0,3,1,Clear/Cloudy,1917
2011-02-24,Spring,2011,Feb,0,4,1,Mist/Overcast,1807
2011-02-25,Spring,2011,Feb,0,5,1,Mist/Overcast,1461
2011-02-26,Spring,2011,Feb,0,6,0,Clear/Cloudy,1969
2011-02-27,Spring,2011,Feb,0,0,0,Clear/Cloudy,2402
2011-02-28,Spring,2011,Feb,0,1,1,Mist/Overcast,1446
2011-03-01,Spring,2011,Mar,0,2,1,Clear/Cloudy,1851
2011-03-02,Spring,2011,Mar,0,3,1,Clear/Cloudy,2134
2011-03-03,Spring,2011,Mar,0,4,1,Clear/Cloudy,1685
2011-03-04,Spring,2011,Mar,0,5,1,Mist/Overcast,1944
2011-03-05,Spring,2011,Mar,0,6,0,Mist/Overcast,2077
2011-03-06,Spring,2011,Mar,0,0,0,Mist/Overcast,605
2011-03-07,Spring,2011,Mar,0,1,1,Clear/Cloudy,1872
2011-03-08,Spring,2011,Mar,0,2,1,Clear/Cloudy,2133
2011-03-09,Spring,2011,Mar,0,3,1,Mist/Overcast,1891
2011-03-10,Spring,2011,Mar,0,4,1,Light Rain/Snow,623
2011-03-11,Spring,2011,Mar,0,5,1,Mist/Overcast,1977
2011-03-12,Spring,2011,Mar,0,6,0,Clear/Cloudy,2132
2011-03-13,Spring,2011,Mar,0,0,0,Clear/Cloudy,2417
2011-03-14,Spring,2011,Mar,0,1,1,Clear/Cloudy,2046
2011-03-15,Spring,2011,Mar,0,2,1,Mist/Overcast,2056
2011-03-16,Spring,2011,Mar,0,3,1,Mist/Overcast,2192
2011-03-17,Spring,2011,Mar,0,4,1,Clear/Cloudy,2744
2011-03-18,Spring,2011,Mar,0,5,1,Clear/Cloudy,3239
2011-03-19,Spring,2011,Mar,0,6,0,Clear/Cloudy,3117
2011-03-20,Spring,2011,Mar,0,0,0,Clear/Cloudy,2471
2011-03-21,Summer,2011,Mar,0,1,1,Mist/Overcast,2077
2011-03-22,Summer,2011,Mar,0,2,1,Clear/Cloudy,2703
2011-03-23,Summer,2011,Mar,0,3,1,Mist/Overcast,2121
2011-03-24,Summer,2011,Mar,0,4,1,Mist/Overcast,1865
2011-03-25,Summer,2011,Mar,0,5,1,Clear/Cloudy,2210
2011-03-26,Summer,2011,Mar,0,6,0,Clear/Cloudy,2496
2011-03-27,Summer,2011,Mar,0,0,0,Mist/Overcast,1693
2011-03-28,Summer,2011,Mar,0,1,1,Clear/Cloudy,2028
2011-03-29,Summer,2011,Mar,0,2,1,Clear/Cloudy,2425
2011-03-30,Summer,2011,Mar,0,3,1,Mist/Overcast,1536
2011-03-31,Summer,2011,Mar,0,4,1,Light Rain/Snow,1685
2011-04-01,Summer,2011,Apr,0,5,1,Mist/Overcast,2227
2011-04-02,Summer,2011,Apr,0,6,0,Mist/Overcast,2252
2011-04-03,Summer,2011,Apr,0,0,0,Clear/Cloudy,3249
2011-04-04,Summer,2011,Apr,0,1,1,Clear/Cloudy,3115
2011-04-05,Summer,2011,Apr,0,2,1,Mist/Overcast,1795
2011-04-06,Summer,2011,Apr,0,3,1,Clear/Cloudy,2808
2011-04-07,Summer,2011,Apr,0,4,1,Clear/Cloudy,3141
2011-04-08,Summer,2011,Apr,0,5,1,Mist/Overcast,1471
2011-04-09,Summer,2011,Apr,0,6,0,Mist/Overcast,2455
2011-04-10,Summer,2011,Apr,0,0,0,Mist/Overcast,2895
2011-04-11,Summer,2011,Apr,0,1,1,Mist/Overcast,3348
2011-04-12,Summer,2011,Apr,0,2,1,Mist/Overcast,2034
2011-04-13,Summer,2011,Apr,0,3,1,Mist/Overcast,2162
2011-04-14,Summer,2011,Apr,0,4,1,Clear/Cloudy,3267
2011-04-15,Summer,2011,Apr,1,5,0,Clear/Cloudy,3126
2011-04-16,Summer,2011,Apr,0,6,0,Light Rain/Snow,795
2011-04-17,Summer,2011,Apr,0,0,0,Clear/Cloudy,3744
2011-04-18,Summer,2011,Apr,0,1,1,Clear/Cloudy,3429
2011-04-19,Summer,2011,Apr,0,2,1,Mist/Overcast,3204
2011-04-20,Summer,2011,Apr,0,3,1,Clear/Cloudy,3944
2011-04-21,Summer,2011,Apr,0,4,1,Clear/Cloudy,4189
2011-04-22,Summer,2011,Apr,0,5,1,Mist/Overcast,1683
2011-04-23,Summer,2011,Apr,0,6,0,Mist/Overcast,4036
2011-04-24,Summer,2011,Apr,0,0,0,Mist/Overcast,4191
2011-04-25,Summer,2011,Apr,0,1,1,Clear/Cloudy,4073
2011-04-26,Summer,2011,Apr,0,2,1,Clear/Cloudy,4400
2011-04-27,Summer,2011,Apr,0,3,1,Mist/Overcast,3872
2011-04-28,Summer,2011,Apr,0,4,1,Mist/Overcast,4058
2011-04-29,Summer,2011,Apr,0,5,1,Clear/Cloudy,4595
2011-04-30,Summer,2011,Apr,0,6,0,Clear/Cloudy,5312
2011-05-01,Summer,2011,May,0,0,0,Mist/Overcast,3351
2011-05-02,Summer,2011,May,0,1,1,Mist/Overcast,4401
2011-05-03,Summer,2011,May,0,2,1,Mist/Overcast,4451
2011-05-04,Summer,2011,May,0,3,1,Mist/Overcast,2633
2011-05-05,Summer,2011,May,0,4,1,Clear/Cloudy,4433
2011-05-06,Summer,2011,May,0,5,1,Clear/Cloudy,4608
2011-05-07,Summer,2011,May,0,6,0,Clear/Cloudy,4714
2011-05-08,Summer,2011,May,0,0,0,Clear/Cloudy,4333
2011-05-09,Summer,2011,May,0,1,1,Clear/Cloudy,4362
2011-05-10,Summer,2011,May,0,2,1,Clear/Cloudy,4803
2011-05-11,Summer,2011,May,0,3,1,Clear/Cloudy,4182
2011-05-12,Summer,2011,May,0,4,1,Clear/Cloudy,4864
2011-05-13,Summer,2011,May,0,5,1,Mist/Overcast,4105
2011-05-14,Summer,2011,May,0,6,0,Mist/Overcast,3409
2011-05-15,Summer,2011,May,0,0,0,Mist/Overcast,4553
2011-05-16,Summer,2011,May,0,1,1,Clear/Cloudy,3958
2011-05-17,Summer,2011,May,0,2,1,Mist/Overcast,4123
2011-05-18,Summer,2011,May,0,3,1,Mist/Overcast,3855
2011-05-19,Summer,2011,May,0,4,1,Mist/Overcast,4575
2011-05-20,Summer,2011,May,0,5,1,Clear/Cloudy,4917
2011-05-21,Summer,2011,May,0,6,0,Clear/Cloudy,5805
2011-05-22,Summer,2011,May,0,0,0,Clear/Cloudy,4660
2011-05-23,Summer,2011,May,0,1,1,Mist/Overcast,4274
2011-05-24,Summer,2011,May,0,2,1,Mist/Overcast,4492
2011-05-25,Summer,2011,May,0,3,1,Clear/Cloudy,4978
2011-05-26,Summer,2011,May,0,4,1,Clear/Cloudy,4677
2011-05-27,Summer,2011,May,0,5,1,Clear/Cloudy,4679
2011-05-28,Summer,2011,May,0,6,0,Clear/Cloudy,4758
2011-05-29,Summer,2011,May,0,0,0,Clear/Cloudy,4788
2011-05-30,Summer,2011,May,1,1,0,Clear/Cloudy,4098
2011-05-31,Summer,2011,May,0,2,1,Clear/Cloudy,3982
2011-06-01,Summer,2011,Jun,0,3,1,Mist/Overcast,3974
2011-06-02,Summer,2011,Jun,0,4,1,Clear/Cloudy,4968
2011-06-03,Summer,2011,Jun,0,5,1,Clear/Cloudy,5312
2011-06-04,Summer,2011,Jun,0,6,0,Clear/Cloudy,5342
2011-06-05,Summer,2011,Jun,0,0,0,Mist/Overcast,4906
2011-06-06,Summer,2011,Jun,0,1,1,Clear/Cloudy,4548
2011-06-07,Summer,2011,Jun,0,2,1,Clear/Cloudy,4833
2011-06-08,Summer,2011,Jun,0,3,1,Clear/Cloudy,4401
2011-06-09,Summer,2011,Jun,0,4,1,Mist/Overcast,3915
2011-06-10,Summer,2011,Jun,0,5,1,Clear/Cloudy,4586
2011-06-11,Summer,2011,Jun,0,6,0,Clear/Cloudy,4966
2011-06-12,Summer,2011,Jun,0,0,0,Clear/Cloudy,4460
2011-06-13,Summer,2011,Jun,0,1,1,Clear/Cloudy,5020
2011-06-14,Summer,2011,Jun,0,2,1,Clear/Cloudy,4891
2011-06-15,Summer,2011,Jun,0,3,1,Clear/Cloudy,5180
2011-06-16,Summer,2011,Jun,0,4,1,Mist/Overcast,3767
2011-06-17,Summer,2011,Jun,0,5,1,Clear/Cloudy,4844
2011-06-18,Summer,2011,Jun,0,6,0,Clear/Cloudy,5119
2011-06-19,Summer,2011,Jun,0,0,0,Mist/Overcast,4744
2011-06-20,Summer,2011,Jun,0,1,1,Mist/Overcast,4010
2011-06-21,Fall,2011,Jun,0,2,1,Mist/Overcast,4835
2011-06-22,Fall,2011,Jun,0,3,1,Clear/Cloudy,4507
2011-06-23,Fall,2011,Jun,0,4,1,Mist/Overcast,4790
2011-06-24,Fall,2011,Jun,0,5,1,Clear/Cloudy,4991
2011-06-25,Fall,2011,Jun,0,6,0,Clear/Cloudy,5202
2011-06-26,Fall,2011,Jun,0,0,0,Clear/Cloudy,5305
2011-06-27,Fall,2011,Jun,0,1,1,Mist/Overcast,4708
2011-06-28,Fall,2011,Jun,0,2,1,Clear/Cloudy,4648
2011-06-29,Fall,2011,Jun,0,3,1,Clear/Cloudy,5225
2011-06-30,Fall,2011,Jun,0,4,1,Clear/Cloudy,5515
2011-07-01,Fall,2011,Jul,0,5,1,Clear/Cloudy,5362
2011-07-02,Fall,2011,Jul,0,6,0,Clear/Cloudy,5119
2011-07-03,Fall,2011,Jul,0,0,0,Mist/Overcast,4649
2011-07-04,Fall,2011,Jul,1,1,0,Mist/Overcast,6043
2011-07-05,Fall,2011,Jul,0,2,1,Clear/Cloudy,4665
2011-07-06,Fall,2011,Jul,0,3,1,Clear/Cloudy,4629
2011-07-07,Fall,2011,Jul,0,4,1,Clear/Cloudy,4592
2011-07-08,Fall,2011,Jul,0,5,1,Mist/Overcast,4040
2011-07-09,Fall,2011,Jul,0,6,0,Clear/Cloudy,5336
2011-07-10,Fall,2011,Jul,0,0,0,Clear/Cloudy,4881
2011-07-11,Fall,2011,Jul,0,1,1,Clear/Cloudy,4086
2011-07-12,Fall,2011,Jul,0,2,1,Clear/Cloudy,4258
2011-07-13,Fall,2011,Jul,0,3,1,Clear/Cloudy,4342
2011-07-14,Fall,2011,Jul,0,4,1,Clear/Cloudy,5084
2011-07-15,Fall,2011,Jul,0,5,1,Clear/Cloudy,5538
2011-07-16,Fall,2011,Jul,0,6,0,Clear/Cloudy,5923
2011-07-17,Fall,2011,Jul,0,0,0,Clear/Cloudy,5302
2011-07-18,Fall,2011,Jul,0,1,1,Clear/Cloudy,4458
2011-07-19,Fall,2011,Jul,0,2,1,Clear/Cloudy,4541
2011-07-20,Fall,2011,Jul,0,3,1,Clear/Cloudy,4332
2011-07-21,Fall,2011,Jul,0,4,1,Mist/Overcast,3784
2011-07-22,Fall,2011,Jul,0,5,1,Clear/Cloudy,3387
2011-07-23,Fall,2011,Jul,0,6,0,Clear/Cloudy,3285
2011-07-24,Fall,2011,Jul,0,0,0,Clear/Cloudy,3606
2011-07-25,Fall,2011,Jul,0,1,1,Clear/Cloudy,3840
2011-07-26,Fall,2011,Jul,0,2,1,Clear/Cloudy,4590
2011-07-27,Fall,2011,Jul,0,3,1,Clear/Cloudy,4656
2011-07-28,Fall,2011,Jul,0,4,1,Clear/Cloudy,4390
2011-07-29,Fall,2011,Jul,0,5,1,Clear/Cloudy,3846
2011-07-30,Fall,2011,Jul,0,6,0,Clear/Cloudy,4475
2011-07-31,Fall,2011,Jul,0,0,0,Clear/Cloudy,4302
2011-08-01,Fall,2011,Aug,0,1,1,Clear/Cloudy,4266
2011-08-02,Fall,2011,Aug,0,2,1,Clear/Cloudy,4845
2011-08-03,Fall,2011,Aug,0,3,1,Mist/Overcast,3574
2011-08-04,Fall,2011,Aug,0,4,1,Mist/Overcast,4576
2011-08-05,Fall,2011,Aug,0,5,1,Clear/Cloudy,4866
2011-08-06,Fall,2011,Aug,0,6,0,Mist/Overcast,4294
2011-08-07,Fall,2011,Aug,0,0,0,Clear/Cloudy,3785
2011-08-08,Fall,2011,Aug,0,1,1,Clear/Cloudy,4326
2011-08-09,Fall,2011,Aug,0,2,1,Clear/Cloudy,4602
2011-08-10,Fall,2011,Aug,0,3,1,Clear/Cloudy,4780
2011-08-11,Fall,2011,Aug,0,4,1,Clear/Cloudy,4792
2011-08-12,Fall,2011,Aug,0,5,1,Clear/Cloudy,4905
2011-08-13,Fall,2011,Aug,0,6,0,Mist/Overcast,4150
2011-08-14,Fall,2011,Aug,0,0,0,Mist/Overcast,3820
2011-08-15,Fall,2011,Aug,0,1,1,Clear/Cloudy,4338
2011-08-16,Fall,2011,Aug,0,2,1,Clear/Cloudy,4725
2011-08-17,Fall,2011,Aug,0,3,1,Clear/Cloudy,4694
2011-08-18,Fall,2011,Aug,0,4,1,Clear/Cloudy,3805
2011-08-19,Fall,2011,Aug,0,5,1,Mist/Overcast,4153
2011-08-20,Fall,2011,Aug,0,6,0,Clear/Cloudy,5191
2011-08-21,Fall,2011,Aug,0,0,0,Clear/Cloudy,3873
2011-08-22,Fall,2011,Aug,0,1,1,Clear/Cloudy,4758
2011-08-23,Fall,2011,Aug,0,2,1,Clear/Cloudy,5895
2011-08-24,Fall,2011,Aug,0,3,1,Clear/Cloudy,5130
2011-08-25,Fall,2011,Aug,0,4,1,Mist/Overcast,3542
2011-08-26,Fall,2011,Aug,0,5,1,Clear/Cloudy,4661
2011-08-27,Fall,2011,Aug,0,6,0,Mist/Overcast,1115
2011-08-28,Fall,2011,Aug,0,0,0,Clear/Cloudy,4334
2011-08-29,Fall,2011,Aug,0,1,1,Clear/Cloudy,4634
2011-08-30,Fall,2011,Aug,0,2,1,Clear/Cloudy,5204
2011-08-31,Fall,2011,Aug,0,3,1,Clear/Cloudy,5058
2011-09-01,Fall,2011,Sep,0,4,1,Clear/Cloudy,5115
2011-09-02,Fall,2011,Sep,0,5,1,Mist/Overcast,4727
2011-09-03,Fall,2011,Sep,0,6,0,Clear/Cloudy,4484
2011-09-04,Fall,2011,Sep,0,0,0,Clear/Cloudy,4940
2011-09-05,Fall,2011,Sep,1,1,0,Mist/Overcast,3351
2011-09-06,Fall,2011,Sep,0,2,1,Light Rain/Snow,2710
2011-09-07,Fall,2011,Sep,0,3,1,Light Rain/Snow,1996
2011-09-08,Fall,2011,Sep,0,4,1,Light Rain/Snow,1842
2011-09-09,Fall,2011,Sep,0,5,1,Mist/Overcast,3544
2011-09-10,Fall,2011,Sep,0,6,0,Clear/Cloudy,5345
2011-09-11,Fall,2011,Sep,0,0,0,Clear/Cloudy,5046
2011-09-12,Fall,2011,Sep,0,1,1,Clear/Cloudy,4713
2011-09-13,Fall,2011,Sep,0,2,1,Clear/Cloudy,4763
2011-09-14,Fall,2011,Sep,0,3,1,Clear/Cloudy,4785
2011-09-15,Fall,2011,Sep,0,4,1,Mist/Overcast,3659
2011-09-16,Fall,2011,Sep,0,5,1,Mist/Overcast,4760
2011-09-17,Fall,2011,Sep,0,6,0,Mist/Overcast,4511
2011-09-18,Fall,2011,Sep,0,0,0,Clear/Cloudy,4274
2011-09-19,Fall,2011,Sep,0,1,1,Mist/Overcast,4539
2011-09-20,Fall,2011,Sep,0,2,1,Mist/Overcast,3641
2011-09-21,Fall,2011,Sep,0,3,1,Mist/Overcast,4352
2011-09-22,Fall,2011,Sep,0,4,1,Mist/Overcast,4795
2011-09-23,Winter,2011,Sep,0,5,1,Mist/Overcast,2395
2011-09-24,Winter,2011,Sep,0,6,0,Mist/Overcast,5423
2011-09-25,Winter,2011,Sep,0,0,0,Mist/Overcast,5010
2011-09-26,Winter,2011,Sep,0,1,1,Mist/Overcast,4630
2011-09-27,Winter,2011,Sep,0,2,1,Mist/Overcast,4120
2011-09-28,Winter,2011,Sep,0,3,1,Mist/Overcast,3907
2011-09-29,Winter,2011,Sep,0,4,1,Clear/Cloudy,4839
2011-09-30,Winter,2011,Sep,0,5,1,Clear/Cloudy,5202
2011-10-01,Winter,2011,Oct,0,6,0,Mist/Overcast,2429
2011-10-02,Winter,2011,Oct,0,0,0,Mist/Overcast,2918
2011-10-03,Winter,2011,Oct,0,1,1,Mist/Overcast,3570
2011-10-04,Winter,2011,Oct,0,2,1,Clear/Cloudy,4456
2011-10-05,Winter,2011,Oct,0,3,1,Clear/Cloudy,4826
2011-10-06,Winter,2011,Oct,0,4,1,Clear/Cloudy,4765
2011-10-07,Winter,2011,Oct,0,5,1,Clear/Cloudy,4985
2011-10-08,Winter,2011,Oct,0,6,0,Clear/Cloudy,5409
2011-10-09,Winter,2011,Oct,0,0,0,Clear/Cloudy,5511
2011-10-10,Winter,2011,Oct,1,1,0,Clear/Cloudy,5117
2011-10-11,Winter,2011,Oct,0,2,1,Mist/Overcast,4563
2011-10-12,Winter,2011,Oct,0,3,1,Light Rain/Snow,2416
2011-10-13,Winter,2011,Oct,0,4,1,Mist/Overcast,2913
2011-10-14,Winter,2011,Oct,0,5,1,Mist/Overcast,3644
2011-10-15,Winter,2011,Oct,0,6,0,Clear/Cloudy,5217
2011-10-16,Winter,2011,Oct,0,0,0,Clear/Cloudy,5041
2011-10-17,Winter,2011,Oct,0,1,1,Clear/Cloudy,4570
2011-10-18,Winter,2011,Oct,0,2,1,Mist/Overcast,4748
2011-10-19,Winter,2011,Oct,0,3,1,Light Rain/Snow,2424
2011-10-20,Winter,2011,Oct,0,4,1,Clear/Cloudy,4195
2011-10-21,Winter,2011,Oct,0,5,1,Clear/Cloudy,4304
2011-10-22,Winter,2011,Oct,0,6,0,Clear/Cloudy,4308
2011-10-23,Winter,2011,Oct,0,0,0,Clear/Cloudy,4381
2011-10-24,Winter,2011,Oct,0,1,1,Clear/Cloudy,4187
2011-10-25,Winter,2011,Oct,0,2,1,Clear/Cloudy,4687
2011-10-26,Winter,2011,Oct,0,3,1,Mist/Overcast,3894
2011-10-27,Winter,2011,Oct,0,4,1,Mist/Overcast,2659
2011-10-28,Winter,2011,Oct,0,5,1,Mist/Overcast,3747
2011-10-29,Winter,2011,Oct,0,6,0,Light Rain/Snow,627
2011-10-30,Winter,2011,Oct,0,0,0,Clear/Cloudy,3331
2011-10-31,Winter,2011,Oct,0,1,1,Clear/Cloudy,3669
2011-11-01,Winter,2011,Nov,0,2,1,Clear/Cloudy,4068
2011-11-02,Winter,2011,Nov,0,3,1,Clear/Cloudy,4186
2011-11-03,Winter,2011,Nov,0,4,1,Clear/Cloudy,3974
2011-11-04,Winter,2011,Nov,0,5,1,Mist/Overcast,4046
2011-11-05,Winter,2011,Nov,0,6,0,Clear/Cloudy,3926
2011-11-06,Winter,2011,Nov,0,0,0,Clear/Cloudy,3649
2011-11-07,Winter,2011,Nov,0,1,1,Clear/Cloudy,4035
2011-11-08,Winter,2011,Nov,0,2,1,Clear/Cloudy,4205
2011-11-09,Winter,2011,Nov,0,3,1,Clear/Cloudy,4109
2011-11-10,Winter,2011,Nov,0,4,1,Mist/Overcast,2933
2011-11-11,Winter,2011,Nov,1,5,0,Clear/Cloudy,3368
2011-11-12,Winter,2011,Nov,0,6,0,Clear/Cloudy,4067
2011-11-13,Winter,2011,Nov,0,0,0,Clear/Cloudy,3717
2011-11-14,Winter,2011,Nov,0,1,1,Clear/Cloudy,4486
2011-11-15,Winter,2011,Nov,0,2,1,Mist/Overcast,4195
2011-11-16,Winter,2011,Nov,0,3,1,Light Rain/Snow,1817
2011-11-17,Winter,2011,Nov,0,4,1,Mist/Overcast,3053
2011-11-18,Winter,2011,Nov,0,5,1,Clear/Cloudy,3392
2011-11-19,Winter,2011,Nov,0,6,0,Clear/Cloudy,3663
2011-11-20,Winter,2011,Nov,0,0,0,Mist/Overcast,3520
2011-11-21,Winter,2011,Nov,0,1,1,Light Rain/Snow,2765
2011-11-22,Winter,2011,Nov,0,2,1,Light Rain/Snow,1607
2011-11-23,Winter,2011,Nov,0,3,1,Mist/Overcast,2566
2011-11-24,Winter,2011,Nov,1,4,0,Clear/Cloudy,1495
2011-11-25,Winter,2011,Nov,0,5,1,Clear/Cloudy,2792
2011-11-26,Winter,2011,Nov,0,6,0,Clear/Cloudy,3068
2011-11-27,Winter,2011,Nov,0,0,0,Clear/Cloudy,3071
2011-11-28,Winter,2011,Nov,0,1,1,Clear/Cloudy,3867
2011-11-29,Winter,2011,Nov,0,2,1,Mist/Overcast,2914
2011-11-30,Winter,2011,Nov,0,3,1,Clear/Cloudy,3613
2011-12-01,Winter,2011,Dec,0,4,1,Clear/Cloudy,3727
2011-12-02,Winter,2011,Dec,0,5,1,Clear/Cloudy,3940
2011-12-03,Winter,2011,Dec,0,6,0,Clear/Cloudy,3614
2011-12-04,Winter,2011,Dec,0,0,0,Clear/Cloudy,3485
2011-12-05,Winter,2011,Dec,0,1,1,Mist/Overcast,3811
2011-12-06,Winter,2011,Dec,0,2,1,Light Rain/Snow,2594
2011-12-07,Winter,2011,Dec,0,3,1,Light Rain/Snow,705
2011-12-08,Winter,2011,Dec,0,4,1,Clear/Cloudy,3322
2011-12-09,Winter,2011,Dec,0,5,1,Clear/Cloudy,3620
2011-12-10,Winter,2011,Dec,0,6,0,Clear/Cloudy,3190
2011-12-11,Winter,2011,Dec,0,0,0,Clear/Cloudy,2743
2011-12-12,Winter,2011,Dec,0,1,1,Clear/Cloudy,3310
2011-12-13,Winter,2011,Dec,0,2,1,Clear/Cloudy,3523
2011-12-14,Winter,2011,Dec,0,3,1,Mist/Overcast,3740
2011-12-15,Winter,2011,Dec,0,4,1,Mist/Overcast,3709
2011-12-16,Winter,2011,Dec,0,5,1,Mist/Overcast,3577
2011-12-17,Winter,2011,Dec,0,6,0,Mist/Overcast,2739
2011-12-18,Winter,2011,Dec,0,0,0,Clear/Cloudy,2431
2011-12-19,Winter,2011,Dec,0,1,1,Clear/Cloudy,3403
2011-12-20,Winter,2011,Dec,0,2,1,Mist/Overcast,3750
2011-12-21,Spring,2011,Dec,0,3,1,Mist/Overcast,2660
2011-12-22,Spring,2011,Dec,0,4,1,Mist/Overcast,3068
2011-12-23,Spring,2011,Dec,0,5,1,Clear/Cloudy,2209
2011-12-24,Spring,2011,Dec,0,6,0,Clear/Cloudy,1011
2011-12-25,Spring,2011,Dec,0,0,0,Clear/Cloudy,754
2011-12-26,Spring,2011,Dec,1,1,0,Clear/Cloudy,1317
2011-12-27,Spring,2011,Dec,0,2,1,Mist/Overcast,1162
2011-12-28,Spring,2011,Dec,0,3,1,Clear/Cloudy,2302
2011-12-29,Spring,2011,Dec,0,4,1,Clear/Cloudy,2423
2011-12-30,Spring,2011,Dec,0,5,1,Clear/Cloudy,2999
2011-12-31,Spring,2011,Dec,0,6,0,Clear/Cloudy,2485
2012-01-01,Spring,2012,Jan,0,0,0,Clear/Cloudy,2294
2012-01-02,Spring,2012,Jan,1,1,0,Clear/Cloudy,1951
2012-01-03,Spring,2012,Jan,0,2,1,Clear/Cloudy,2236
2012-01-04,Spring,2012,Jan,0,3,1,Mist/Overcast,2368
2012-01-05,Spring,2012,Jan,0,4,1,Clear/Cloudy,3272
2012-01-06,Spring,2012,Jan,0,5,1,Clear/Cloudy,4098
2012-01-07,Spring,2012,Jan,0,6,0,Clear/Cloudy,4521
2012-01-08,Spring,2012,Jan,0,0,0,Clear/Cloudy,3425
2012-01-09,Spring,2012,Jan,0,1,1,Mist/Overcast,2376
2012-01-10,Spring,2012,Jan,0,2,1,Clear/Cloudy,3598
2012-01-11,Spring,2012,Jan,0,3,1,Mist/Overcast,2177
2012-01-12,Spring,2012,Jan,0,4,1,Mist/Overcast,4097
2012-01-13,Spring,2012,Jan,0,5,1,Clear/Cloudy,3214
2012-01-14,Spring,2012,Jan,0,6,0,Clear/Cloudy,2493
2012-01-15,Spring,2012,Jan,0,0,0,Clear/Cloudy,2311
2012-01-16,Spring,2012,Jan,1,1,0,Clear/Cloudy,2298
2012-01-17,Spring,2012,Jan,0,2,1,Mist/Overcast,2935
2012-01-18,Spring,2012,Jan,0,3,1,Clear/Cloudy,3376
2012-01-19,Spring,2012,Jan,0,4,1,Clear/Cloudy,3292
2012-01-20,Spring,2012,Jan,0,5,1,Mist/Overcast,3163
2012-01-21,Spring,2012,Jan,0,6,0,Mist/Overcast,1301
2012-01-22,Spring,2012,Jan,0,0,0,Mist/Overcast,1977
2012-01-23,Spring,2012,Jan,0,1,1,Mist/Overcast,2432
2012-01-24,Spring,2012,Jan,0,2,1,Clear/Cloudy,4339
2012-01-25,Spring,2012,Jan,0,3,1,Clear/Cloudy,4270
2012-01-26,Spring,2012,Jan,0,4,1,Mist/Overcast,4075
2012-01-27,Spring,2012,Jan,0,5,1,Mist/Overcast,3456
2012-01-28,Spring,2012,Jan,0,6,0,Clear/Cloudy,4023
2012-01-29,Spring,2012,Jan,0,0,0,Clear/Cloudy,3243
2012-01-30,Spring,2012,Jan,0,1,1,Clear/Cloudy,3624
2012-01-31,Spring,2012,Jan,0,2,1,Clear/Cloudy,4509
2012-02-01,Spring,2012,Feb,0,3,1,Clear/Cloudy,4579
2012-02-02,Spring,2012,Feb,0,4,1,Mist/Overcast,3761
2012-02-03,Spring,2012,Feb,0,5,1,Clear/Cloudy,4151
2012-02-04,Spring,2012,Feb,0,6,0,Mist/Overcast,2832
2012-02-05,Spring,2012,Feb,0,0,0,Mist/Overcast,2947
2012-02-06,Spring,2012,Feb,0,1,1,Clear/Cloudy,3784
2012-02-07,Spring,2012,Feb,0,2,1,Clear/Cloudy,4375
2012-02-08,Spring,2012,Feb,0,3,1,Mist/Overcast,2802
2012-02-09,Spring,2012,Feb,0,4,1,Clear/Cloudy,3830
2012-02-10,Spring,2012,Feb,0,5,1,Mist/Overcast,3831
2012-02-11,Spring,2012,Feb,0,6,0,Light Rain/Snow,2169
2012-02-12,Spring,2012,Feb,0,0,0,Clear/Cloudy,1529
2012-02-13,Spring,2012,Feb,0,1,1,Clear/Cloudy,3422
2012-02-14,Spring,2012,Feb,0,2,1,Mist/Overcast,3922
2012-02-15,Spring,2012,Feb,0,3,1,Clear/Cloudy,4169
2012-02-16,Spring,2012,Feb,0,4,1,Mist/Overcast,3005
2012-02-17,Spring,2012,Feb,0,5,1,Clear/Cloudy,4154
2012-02-18,Spring,2012,Feb,0,6,0,Clear/Cloudy,4318
2012-02-19,Spring,2012,Feb,0,0,0,Mist/Overcast,2689
2012-02-20,Spring,2012,Feb,1,1,0,Clear/Cloudy,3129
2012-02-21,Spring,2012,Feb,0,2,1,Clear/Cloudy,3777
2012-02-22,Spring,2012,Feb,0,3,1,Clear/Cloudy,4773
2012-02-23,Spring,2012,Feb,0,4,1,Clear/Cloudy,5062
2012-02-24,Spring,2012,Feb,0,5,1,Mist/Overcast,3487
2012-02-25,Spring,2012,Feb,0,6,0,Clear/Cloudy,2732
2012-02-26,Spring,2012,Feb,0,0,0,Clear/Cloudy,3389
2012-02-27,Spring,2012,Feb,0,1,1,Clear/Cloudy,4322
2012-02-28,Spring,2012,Feb,0,2,1,Clear/Cloudy,4363
2012-02-29,Spring,2012,Feb,0,3,1,Mist/Overcast,1834
2012-03-01,Spring,2012,Mar,0,4,1,Clear/Cloudy,4990
2012-03-02,Spring,2012,Mar,0,5,1,Mist/Overcast,3194
2012-03-03,Spring,2012,Mar,0,6,0,Mist/Overcast,4066
2012-03-04,Spring,2012,Mar,0,0,0,Clear/Cloudy,3423
2012-03-05,Spring,2012,Mar,0,1,1,Clear/Cloudy,3333
2012-03-06,Spring,2012,Mar,0,2,1,Clear/Cloudy,3956
2012-03-07,Spring,2012,Mar,0,3,1,Clear/Cloudy,4916
2012-03-08,Spring,2012,Mar,0,4,1,Clear/Cloudy,5382
2012-03-09,Spring,2012,Mar,0,5,1,Mist/Overcast,4569
2012-03-10,Spring,2012,Mar,0,6,0,Clear/Cloudy,4118
2012-03-11,Spring,2012,Mar,0,0,0,Clear/Cloudy,4911
2012-03-12,Spring,2012,Mar,0,1,1,Clear/Cloudy,5298
2012-03-13,Spring,2012,Mar,0,2,1,Clear/Cloudy,5847
2012-03-14,Spring,2012,Mar,0,3,1,Clear/Cloudy,6312
2012-03-15,Spring,2012,Mar,0,4,1,Clear/Cloudy,6192
2012-03-16,Spring,2012,Mar,0,5,1,Mist/Overcast,4378
2012-03-17,Spring,2012,Mar,0,6,0,Mist/Overcast,7836
2012-03-18,Spring,2012,Mar,0,0,0,Mist/Overcast,5892
2012-03-19,Spring,2012,Mar,0,1,1,Clear/Cloudy,6153
2012-03-20,Spring,2012,Mar,0,2,1,Clear/Cloudy,6093
2012-03-21,Summer,2012,Mar,0,3,1,Mist/Overcast,6230
2012-03-22,Summer,2012,Mar,0,4,1,Clear/Cloudy,6871
2012-03-23,Summer,2012,Mar,0,5,1,Mist/Overcast,8362
2012-03-24,Summer,2012,Mar,0,6,0,Mist/Overcast,3372
2012-03-25,Summer,2012,Mar,0,0,0,Mist/Overcast,4996
2012-03-26,Summer,2012,Mar,0,1,1,Clear/Cloudy,5558
2012-03-27,Summer,2012,Mar,0,2,1,Clear/Cloudy,5102
2012-03-28,Summer,2012,Mar,0,3,1,Clear/Cloudy,5698
2012-03-29,Summer,2012,Mar,0,4,1,Clear/Cloudy,6133
2012-03-30,Summer,2012,Mar,0,5,1,Mist/Overcast,5459
2012-03-31,Summer,2012,Mar,0,6,0,Mist/Overcast,6235
2012-04-01,Summer,2012,Apr,0,0,0,Mist/Overcast,6041
2012-04-02,Summer,2012,Apr,0,1,1,Clear/Cloudy,5936
2012-04-03,Summer,2012,Apr,0,2,1,Clear/Cloudy,6772
2012-04-04,Summer,2012,Apr,0,3,1,Clear/Cloudy,6436
2012-04-05,Summer,2012,Apr,0,4,1,Clear/Cloudy,6457
2012-04-06,Summer,2012,Apr,0,5,1,Clear/Cloudy,6460
2012-04-07,Summer,2012,Apr,0,6,0,Clear/Cloudy,6857
2012-04-08,Summer,2012,Apr,0,0,0,Clear/Cloudy,5169
2012-04-09,Summer,2012,Apr,0,1,1,Clear/Cloudy,5585
2012-04-10,Summer,2012,Apr,0,2,1,Clear/Cloudy,5918
2012-04-11,Summer,2012,Apr,0,3,1,Clear/Cloudy,4862
2012-04-12,Summer,2012,Apr,0,4,1,Clear/Cloudy,5409
2012-04-13,Summer,2012,Apr,0,5,1,Clear/Cloudy,6398
2012-04-14,Summer,2012,Apr,0,6,0,Clear/Cloudy,7460
2012-04-15,Summer,2012,Apr,0,0,0,Clear/Cloudy,7132
2012-04-16,Summer,2012,Apr,1,1,0,Clear/Cloudy,6370
2012-04-17,Summer,2012,Apr,0,2,1,Clear/Cloudy,6691
2012-04-18,Summer,2012,Apr,0,3,1,Mist/Overcast,4367
2012-04-19,Summer,2012,Apr,0,4,1,Clear/Cloudy,6565
2012-04-20,Summer,2012,Apr,0,5,1,Clear/Cloudy,7290
2012-04-21,Summer,2012,Apr,0,6,0,Clear/Cloudy,6624
2012-04-22,Summer,2012,Apr,0,0,0,Light Rain/Snow,1027
2012-04-23,Summer,2012,Apr,0,1,1,Mist/Overcast,3214
2012-04-24,Summer,2012,Apr,0,2,1,Clear/Cloudy,5633
2012-04-25,Summer,2012,Apr,0,3,1,Clear/Cloudy,6196
2012-04-26,Summer,2012,Apr,0,4,1,Mist/Overcast,5026
2012-04-27,Summer,2012,Apr,0,5,1,Clear/Cloudy,6233
2012-04-28,Summer,2012,Apr,0,6,0,Mist/Overcast,4220
2012-04-29,Summer,2012,Apr,0,0,0,Clear/Cloudy,6304
2012-04-30,Summer,2012,Apr,0,1,1,Mist/Overcast,5572
2012-05-01,Summer,2012,May,0,2,1,Mist/Overcast,5740
2012-05-02,Summer,2012,May,0,3,1,Clear/Cloudy,6169
2012-05-03,Summer,2012,May,0,4,1,Mist/Overcast,6421
2012-05-04,Summer,2012,May,0,5,1,Clear/Cloudy,6296
2012-05-05,Summer,2012,May,0,6,0,Mist/Overcast,6883
2012-05-06,Summer,2012,May,0,0,0,Mist/Overcast,6359
2012-05-07,Summer,2012,May,0,1,1,Mist/Overcast,6273
2012-05-08,Summer,2012,May,0,2,1,Mist/Overcast,5728
2012-05-09,Summer,2012,May,0,3,1,Mist/Overcast,4717
2012-05-10,Summer,2012,May,0,4,1,Clear/Cloudy,6572
2012-05-11,Summer,2012,May,0,5,1,Clear/Cloudy,7030
2012-05-12,Summer,2012,May,0,6,0,Clear/Cloudy,7429
2012-05-13,Summer,2012,May,0,0,0,Clear/Cloudy,6118
2012-05-14,Summer,2012,May,0,1,1,Mist/Overcast,2843
2012-05-15,Summer,2012,May,0,2,1,Mist/Overcast,5115
2012-05-16,Summer,2012,May,0,3,1,Clear/Cloudy,7424
2012-05-17,Summer,2012,May,0,4,1,Clear/Cloudy,7384
2012-05-18,Summer,2012,May,0,5,1,Clear/Cloudy,7639
2012-05-19,Summer,2012,May,0,6,0,Clear/Cloudy,8294
2012-05-20,Summer,2012,May,0,0,0,Clear/Cloudy,7129
2012-05-21,Summer,2012,May,0,1,1,Mist/Overcast,4359
2012-05-22,Summer,2012,May,0,2,1,Mist/Overcast,6073
2012-05-23,Summer,2012,May,0,3,1,Mist/Overcast,5260
2012-05-24,Summer,2012,May,0,4,1,Clear/Cloudy,6770
2012-05-25,Summer,2012,May,0,5,1,Clear/Cloudy,6734
2012-05-26,Summer,2012,May,0,6,0,Clear/Cloudy,6536
2012-05-27,Summer,2012,May,0,0,0,Clear/Cloudy,6591
2012-05-28,Summer,2012,May,1,1,0,Clear/Cloudy,6043
2012-05-29,Summer,2012,May,0,2,1,Clear/Cloudy,5743
2012-05-30,Summer,2012,May,0,3,1,Mist/Overcast,6855
2012-05-31,Summer,2012,May,0,4,1,Clear/Cloudy,7338
2012-06-01,Summer,2012,Jun,0,5,1,Mist/Overcast,4127
2012-06-02,Summer,2012,Jun,0,6,0,Clear/Cloudy,8120
2012-06-03,Summer,2012,Jun,0,0,0,Clear/Cloudy,7641
2012-06-04,Summer,2012,Jun,0,1,1,Clear/Cloudy,6998
2012-06-05,Summer,2012,Jun,0,2,1,Mist/Overcast,7001
2012-06-06,Summer,2012,Jun,0,3,1,Clear/Cloudy,7055
2012-06-07,Summer,2012,Jun,0,4,1,Clear/Cloudy,7494
2012-06-08,Summer,2012,Jun,0,5,1,Clear/Cloudy,7736
2012-06-09,Summer,2012,Jun,0,6,0,Clear/Cloudy,7498
2012-06-10,Summer,2012,Jun,0,0,0,Clear/Cloudy,6598
2012-06-11,Summer,2012,Jun,0,1,1,Mist/Overcast,6664
2012-06-12,Summer,2012,Jun,0,2,1,Mist/Overcast,4972
2012-06-13,Summer,2012,Jun,0,3,1,Clear/Cloudy,7421
2012-06-14,Summer,2012,Jun,0,4,1,Clear/Cloudy,7363
2012-06-15,Summer,2012,Jun,0,5,1,Clear/Cloudy,7665
2012-06-16,Summer,2012,Jun,0,6,0,Clear/Cloudy,7702
2012-06-17,Summer,2012,Jun,0,0,0,Clear/Cloudy,6978
2012-06-18,Summer,2012,Jun,0,1,1,Mist/Overcast,5099
2012-06-19,Summer,2012,Jun,0,2,1,Clear/Cloudy,6825
2012-06-20,Summer,2012,Jun,0,3,1,Clear/Cloudy,6211
2012-06-21,Fall,2012,Jun,0,4,1,Clear/Cloudy,5905
2012-06-22,Fall,2012,Jun,0,5,1,Clear/Cloudy,5823
2012-06-23,Fall,2012,Jun,0,6,0,Clear/Cloudy,7458
2012-06-24,Fall,2012,Jun,0,0,0,Clear/Cloudy,6891
2012-06-25,Fall,2012,Jun,0,1,1,Clear/Cloudy,6779
2012-06-26,Fall,2012,Jun,0,2,1,Clear/Cloudy,7442
2012-06-27,Fall,2012,Jun,0,3,1,Clear/Cloudy,7335
2012-06-28,Fall,2012,Jun,0,4,1,Clear/Cloudy,6879
2012-06-29,Fall,2012,Jun,0,5,1,Clear/Cloudy,5463
2012-06-30,Fall,2012,Jun,0,6,0,Clear/Cloudy,5687
2012-07-01,Fall,2012,Jul,0,0,0,Clear/Cloudy,5531
2012-07-02,Fall,2012,Jul,0,1,1,Clear/Cloudy,6227
2012-07-03,Fall,2012,Jul,0,2,1,Clear/Cloudy,6660
2012-07-04,Fall,2012,Jul,1,3,0,Clear/Cloudy,7403
2012-07-05,Fall,2012,Jul,0,4,1,Clear/Cloudy,6241
2012-07-06,Fall,2012,Jul,0,5,1,Clear/Cloudy,6207
2012-07-07,Fall,2012,Jul,0,6,0,Clear/Cloudy,4840
2012-07-08,Fall,2012,Jul,0,0,0,Clear/Cloudy,4672
2012-07-09,Fall,2012,Jul,0,1,1,Mist/Overcast,6569
2012-07-10,Fall,2012,Jul,0,2,1,Mist/Overcast,6290
2012-07-11,Fall,2012,Jul,0,3,1,Clear/Cloudy,7264
2012-07-12,Fall,2012,Jul,0,4,1,Clear/Cloudy,7446
2012-07-13,Fall,2012,Jul,0,5,1,Mist/Overcast,7499
2012-07-14,Fall,2012,Jul,0,6,0,Mist/Overcast,6969
2012-07-15,Fall,2012,Jul,0,0,0,Clear/Cloudy,6031
2012-07-16,Fall,2012,Jul,0,1,1,Clear/Cloudy,6830
2012-07-17,Fall,2012,Jul,0,2,1,Clear/Cloudy,6786
2012-07-18,Fall,2012,Jul,0,3,1,Clear/Cloudy,5713
2012-07-19,Fall,2012,Jul,0,4,1,Clear/Cloudy,6591
2012-07-20,Fall,2012,Jul,0,5,1,Mist/Overcast,5870
2012-07-21,Fall,2012,Jul,0,6,0,Light Rain/Snow,4459
2012-07-22,Fall,2012,Jul,0,0,0,Mist/Overcast,7410
2012-07-23,Fall,2012,Jul,0,1,1,Clear/Cloudy,6966
2012-07-24,Fall,2012,Jul,0,2,1,Clear/Cloudy,7592
2012-07-25,Fall,2012,Jul,0,3,1,Clear/Cloudy,8173
2012-07-26,Fall,2012,Jul,0,4,1,Clear/Cloudy,6861
2012-07-27,Fall,2012,Jul,0,5,1,Clear/Cloudy,6904
2012-07-28,Fall,2012,Jul,0,6,0,Clear/Cloudy,6685
2012-07-29,Fall,2012,Jul,0,0,0,Clear/Cloudy,6597
2012-07-30,Fall,2012,Jul,0,1,1,Clear/Cloudy,7105
2012-07-31,Fall,2012,Jul,0,2,1,Clear/Cloudy,7216
2012-08-01,Fall,2012,Aug,0,3,1,Clear/Cloudy,7580
2012-08-02,Fall,2012,Aug,0,4,1,Clear/Cloudy,7261
2012-08-03,Fall,2012,Aug,0,5,1,Mist/Overcast,7175
2012-08-04,Fall,2012,Aug,0,6,0,Clear/Cloudy,6824
2012-08-05,Fall,2012,Aug,0,0,0,Clear/Cloudy,5464
2012-08-06,Fall,2012,Aug,0,1,1,Mist/Overcast,7013
2012-08-07,Fall,2012,Aug,0,2,1,Mist/Overcast,7273
2012-08-08,Fall,2012,Aug,0,3,1,Mist/Overcast,7534
2012-08-09,Fall,2012,Aug,0,4,1,Clear/Cloudy,7286
2012-08-10,Fall,2012,Aug,0,5,1,Mist/Overcast,5786
2012-08-11,Fall,2012,Aug,0,6,0,Mist/Overcast,6299
2012-08-12,Fall,2012,Aug,0,0,0,Clear/Cloudy,6544
2012-08-13,Fall,2012,Aug,0,1,1,Clear/Cloudy,6883
2012-08-14,Fall,2012,Aug,0,2,1,Clear/Cloudy,6784
2012-08-15,Fall,2012,Aug,0,3,1,Clear/Cloudy,7347
2012-08-16,Fall,2012,Aug,0,4,1,Clear/Cloudy,7605
2012-08-17,Fall,2012,Aug,0,5,1,Clear/Cloudy,7148
2012-08-18,Fall,2012,Aug,0,6,0,Clear/Cloudy,7865
2012-08-19,Fall,2012,Aug,0,0,0,Mist/Overcast,4549
2012-08-20,Fall,2012,Aug,0,1,1,Mist/Overcast,6530
2012-08-21,Fall,2012,Aug,0,2,1,Clear/Cloudy,7006
2012-08-22,Fall,2012,Aug,0,3,1,Clear/Cloudy,7375
2012-08-23,Fall,2012,Aug,0,4,1,Clear/Cloudy,7765
2012-08-24,Fall,2012,Aug,0,5,1,Mist/Overcast,7582
2012-08-25,Fall,2012,Aug,0,6,0,Mist/Overcast,6053
2012-08-26,Fall,2012,Aug,0,0,0,Mist/Overcast,5255
2012-08-27,Fall,2012,Aug,0,1,1,Clear/Cloudy,6917
2012-08-28,Fall,2012,Aug,0,2,1,Clear/Cloudy,7040
2012-08-29,Fall,2012,Aug,0,3,1,Clear/Cloudy,7697
2012-08-30,Fall,2012,Aug,0,4,1,Clear/Cloudy,7713
2012-08-31,Fall,2012,Aug,0,5,1,Clear/Cloudy,7350
2012-09-01,Fall,2012,Sep,0,6,0,Mist/Overcast,6140
2012-09-02,Fall,2012,Sep,0,0,0,Mist/Overcast,5810
2012-09-03,Fall,2012,Sep,1,1,0,Clear/Cloudy,6034
2012-09-04,Fall,2012,Sep,0,2,1,Clear/Cloudy,6864
2012-09-05,Fall,2012,Sep,0,3,1,Clear/Cloudy,7112
2012-09-06,Fall,2012,Sep,0,4,1,Mist/Overcast,6203
2012-09-07,Fall,2012,Sep,0,5,1,Clear/Cloudy,7504
2012-09-08,Fall,2012,Sep,0,6,0,Mist/Overcast,5976
2012-09-09,Fall,2012,Sep,0,0,0,Clear/Cloudy,8227
2012-09-10,Fall,2012,Sep,0,1,1,Clear/Cloudy,7525
2012-09-11,Fall,2012,Sep,0,2,1,Clear/Cloudy,7767
2012-09-12,Fall,2012,Sep,0,3,1,Clear/Cloudy,7870
2012-09-13,Fall,2012,Sep,0,4,1,Clear/Cloudy,7804
2012-09-14,Fall,2012,Sep,0,5,1,Clear/Cloudy,8009
2012-09-15,Fall,2012,Sep,0,6,0,Clear/Cloudy,8714
2012-09-16,Fall,2012,Sep,0,0,0,Clear/Cloudy,7333
2012-09-17,Fall,2012,Sep,0,1,1,Mist/Overcast,6869
2012-09-18,Fall,2012,Sep,0,2,1,Mist/Overcast,4073
2012-09-19,Fall,2012,Sep,0,3,1,Clear/Cloudy,7591
2012-09-20,Fall,2012,Sep,0,4,1,Clear/Cloudy,7720
2012-09-21,Fall,2012,Sep,0,5,1,Clear/Cloudy,8167
2012-09-22,Fall,2012,Sep,0,6,0,Clear/Cloudy,8395
2012-09-23,Winter,2012,Sep,0,0,0,Clear/Cloudy,7907
2012-09-24,Winter,2012,Sep,0,1,1,Clear/Cloudy,7436
2012-09-25,Winter,2012,Sep,0,2,1,Clear/Cloudy,7538
2012-09-26,Winter,2012,Sep,0,3,1,Clear/Cloudy,7733
2012-09-27,Winter,2012,Sep,0,4,1,Mist/Overcast,7393
2012-09-28,Winter,2012,Sep,0,5,1,Mist/Overcast,7415
2012-09-29,Winter,2012,Sep,0,6,0,Clear/Cloudy,8555
2012-09-30,Winter,2012,Sep,0,0,0,Clear/Cloudy,6889
2012-10-01,Winter,2012,Oct,0,1,1,Mist/Overcast,6778
2012-10-02,Winter,2012,Oct,0,2,1,Light Rain/Snow,4639
2012-10-03,Winter,2012,Oct,0,3,1,Mist/Overcast,7572
2012-10-04,Winter,2012,Oct,0,4,1,Mist/Overcast,7328
2012-10-05,Winter,2012,Oct,0,5,1,Clear/Cloudy,8156
2012-10-06,Winter,2012,Oct,0,6,0,Clear/Cloudy,7965
2012-10-07,Winter,2012,Oct,0,0,0,Mist/Overcast,3510
2012-10-08,Winter,2012,Oct,1,1,0,Mist/Overcast,5478
2012-10-09,Winter,2012,Oct,0,2,1,Mist/Overcast,6392
2012-10-10,Winter,2012,Oct,0,3,1,Clear/Cloudy,7691
2012-10-11,Winter,2012,Oct,0,4,1,Clear/Cloudy,7570
2012-10-12,Winter,2012,Oct,0,5,1,Clear/Cloudy,7282
2012-10-13,Winter,2012,Oct,0,6,0,Clear/Cloudy,7109
2012-10-14,Winter,2012,Oct,0,0,0,Clear/Cloudy,6639
2012-10-15,Winter,2012,Oct,0,1,1,Mist/Overcast,5875
2012-10-16,Winter,2012,Oct,0,2,1,Clear/Cloudy,7534
2012-10-17,Winter,2012,Oct,0,3,1,Clear/Cloudy,7461
2012-10-18,Winter,2012,Oct,0,4,1,Mist/Overcast,7509
2012-10-19,Winter,2012,Oct,0,5,1,Mist/Overcast,5424
2012-10-20,Winter,2012,Oct,0,6,0,Clear/Cloudy,8090
2012-10-21,Winter,2012,Oct,0,0,0,Clear/Cloudy,6824
2012-10-22,Winter,2012,Oct,0,1,1,Clear/Cloudy,7058
2012-10-23,Winter,2012,Oct,0,2,1,Clear/Cloudy,7466
2012-10-24,Winter,2012,Oct,0,3,1,Clear/Cloudy,7693
2012-10-25,Winter,2012,Oct,0,4,1,Mist/Overcast,7359
2012-10-26,Winter,2012,Oct,0,5,1,Mist/Overcast,7444
2012-10-27,Winter,2012,Oct,0,6,0,Mist/Overcast,7852
2012-10-28,Winter,2012,Oct,0,0,0,Mist/Overcast,4459
2012-10-29,Winter,2012,Oct,0,1,1,Light Rain/Snow,22
2012-10-30,Winter,2012,Oct,0,2,1,Mist/Overcast,1096
2012-10-31,Winter,2012,Oct,0,3,1,Mist/Overcast,5566
2012-11-01,Winter,2012,Nov,0,4,1,Mist/Overcast,5986
2012-11-02,Winter,2012,Nov,0,5,1,Clear/Cloudy,5847
2012-11-03,Winter,2012,Nov,0,6,0,Mist/Overcast,5138
2012-11-04,Winter,2012,Nov,0,0,0,Clear/Cloudy,5107
2012-11-05,Winter,2012,Nov,0,1,1,Clear/Cloudy,5259
2012-11-06,Winter,2012,Nov,0,2,1,Clear/Cloudy,5686
2012-11-07,Winter,2012,Nov,0,3,1,Mist/Overcast,5035
2012-11-08,Winter,2012,Nov,0,4,1,Clear/Cloudy,5315
2012-11-09,Winter,2012,Nov,0,5,1,Clear/Cloudy,5992
2012-11-10,Winter,2012,Nov,0,6,0,Clear/Cloudy,6536
2012-11-11,Winter,2012,Nov,0,0,0,Clear/Cloudy,6852
2012-11-12,Winter,2012,Nov,1,1,0,Clear/Cloudy,6269
2012-11-13,Winter,2012,Nov,0,2,1,Mist/Overcast,4094
2012-11-14,Winter,2012,Nov,0,3,1,Clear/Cloudy,5495
2012-11-15,Winter,2012,Nov,0,4,1,Mist/Overcast,5445
2012-11-16,Winter,2012,Nov,0,5,1,Clear/Cloudy,5698
2012-11-17,Winter,2012,Nov,0,6,0,Clear/Cloudy,5629
2012-11-18,Winter,2012,Nov,0,0,0,Clear/Cloudy,4669
2012-11-19,Winter,2012,Nov,0,1,1,Mist/Overcast,5499
2012-11-20,Winter,2012,Nov,0,2,1,Mist/Overcast,5634
2012-11-21,Winter,2012,Nov,0,3,1,Clear/Cloudy,5146
2012-11-22,Winter,2012,Nov,1,4,0,Clear/Cloudy,2425
2012-11-23,Winter,2012,Nov,0,5,1,Clear/Cloudy,3910
2012-11-24,Winter,2012,Nov,0,6,0,Clear/Cloudy,2277
2012-11-25,Winter,2012,Nov,0,0,0,Clear/Cloudy,2424
2012-11-26,Winter,2012,Nov,0,1,1,Clear/Cloudy,5087
2012-11-27,Winter,2012,Nov,0,2,1,Mist/Overcast,3959
2012-11-28,Winter,2012,Nov,0,3,1,Clear/Cloudy,5260
2012-11-29,Winter,2012,Nov,0,4,1,Clear/Cloudy,5323
2012-11-30,Winter,2012,Nov,0,5,1,Clear/Cloudy,5668
2012-12-01,Winter,2012,Dec,0,6,0,Mist/Overcast,5191
2012-12-02,Winter,2012,Dec,0,0,0,Mist/Overcast,4649
2012-12-03,Winter,2012,Dec,0,1,1,Clear/Cloudy,6234
2012-12-04,Winter,2012,Dec,0,2,1,Clear/Cloudy,6606
2012-12-05,Winter,2012,Dec,0,3,1,Clear/Cloudy,5729
2012-12-06,Winter,2012,Dec,0,4,1,Clear/Cloudy,5375
2012-12-07,Winter,2012,Dec,0,5,1,Mist/Overcast,5008
2012-12-08,Winter,2012,Dec,0,6,0,Mist/Overcast,5582
2012-12-09,Winter,2012,Dec,0,0,0,Mist/Overcast,3228
2012-12-10,Winter,2012,Dec,0,1,1,Mist/Overcast,5170
2012-12-11,Winter,2012,Dec,0,2,1,Mist/Overcast,5501
2012-12-12,Winter,2012,Dec,0,3,1,Mist/Overcast,5319
2012-12-13,Winter,2012,Dec,0,4,1,Clear/Cloudy,5532
2012-12-14,Winter,2012,Dec,0,5,1,Clear/Cloudy,5611
2012-12-15,Winter,2012,Dec,0,6,0,Clear/Cloudy,5047
2012-12-16,Winter,2012,Dec,0,0,0,Mist/Overcast,3786
2012-12-17,Winter,2012,Dec,0,1,1,Mist/Overcast,4585
2012-12-18,Winter,2012,Dec,0,2,1,Clear/Cloudy,5557
2012-12-19,Winter,2012,Dec,0,3,1,Clear/Cloudy,5267
2012-12-20,Winter,2012,Dec,0,4,1,Mist/Overcast,4128
2012-12-21,Spring,2012,Dec,0,5,1,Mist/Overcast,3623
2012-12-22,Spring,2012,Dec,0,6,0,Clear/Cloudy,1749
2012-12-23,Spring,2012,Dec,0,0,0,Clear/Cloudy,1787
2012-12-24,Spring,2012,Dec,0,1,1,Mist/Overcast,920
2012-12-25,Spring,2012,Dec,1,2,0,Mist/Overcast,1013
2012-12-26,Spring,2012,Dec,0,3,1,Light Rain/Snow,441
2012-12-27,Spring,2012,Dec,0,4,1,Mist/Overcast,2114
2012-12-28,Spring,2012,Dec,0,5,1,Mist/Overcast,3095
2012-12-29,Spring,2012,Dec,0,6,0,Mist/Overcast,1341
2012-12-30,Spring,2012,Dec,0,0,0,Clear/Cloudy,1796
2012-12-31,Spring,2012,Dec,0,1,1,Mist/Overcast,2729
